Codice,Descrizione,Classe,UnitaDiMisura
1,fusce congue diam id ornare imperdiet sapien,elettronica,kg
2,porttitor pede justo eu massa donec dapibus,cancelleria,kg
3,ante vestibulum ante ipsum primis in faucibus orci,informatica,kg
4,pede morbi porttitor lorem id ligula suspendisse,mobilia,m
5,ultrices phasellus id sapien in sapien iaculis congue vivamus,pulizia,cad
6,sem sed sagittis nam congue risus semper porta volutpat,mobilia,cad
7,amet consectetuer adipiscing elit proin,informatica,l
8,proin leo odio porttitor id consequat in consequat ut,elettronica,kg
9,et ultrices posuere cubilia curae mauris viverra diam,informatica,l
10,donec vitae nisi nam ultrices,elettronica,m
11,justo in hac habitasse platea dictumst,informatica,m
12,quam nec dui luctus rutrum nulla tellus in,mobilia,cad
13,praesent blandit lacinia erat vestibulum,libri,cad
14,ut volutpat sapien arcu sed augue aliquam,elettronica,kg
15,mauris lacinia sapien quis libero nullam,informatica,m
16,in porttitor pede justo eu massa,libri,cad
17,sit amet sapien dignissim vestibulum vestibulum ante ipsum primis,libri,l
18,elit proin risus praesent lectus vestibulum quam sapien,cancelleria,cad
19,tellus nulla ut erat id mauris vulputate elementum,libri,l
20,suspendisse potenti in eleifend quam a,informatica,kg
21,ipsum primis in faucibus orci luctus et,informatica,cad
22,libero ut massa volutpat convallis morbi odio odio,elettronica,l
23,interdum eu tincidunt in leo,pulizia,cad
24,in faucibus orci luctus et,libri,m
25,in est risus auctor sed tristique,mobilia,l
26,nisi vulputate nonummy maecenas tincidunt lacus at velit,cancelleria,cad
27,nisi vulputate nonummy maecenas tincidunt lacus at,mobilia,cad
28,venenatis lacinia aenean sit amet justo morbi,elettronica,m
29,commodo vulputate justo in blandit ultrices enim lorem ipsum dolor,cancelleria,cad
30,in consequat ut nulla sed accumsan,libri,m
31,orci luctus et ultrices posuere cubilia curae duis faucibus,libri,l
32,nunc viverra dapibus nulla suscipit ligula,libri,cad
33,in est risus auctor sed tristique in tempus,elettronica,m
34,urna ut tellus nulla ut erat id mauris vulputate,elettronica,l
35,aliquam lacus morbi quis tortor id nulla ultrices,libri,kg
36,venenatis lacinia aenean sit amet justo morbi ut,pulizia,l
37,mi in porttitor pede justo eu massa donec,cancelleria,cad
38,est phasellus sit amet erat nulla,cancelleria,kg
39,neque libero convallis eget eleifend luctus ultricies eu nibh,pulizia,m
40,odio justo sollicitudin ut suscipit a feugiat et eros vestibulum,cancelleria,l
41,cras pellentesque volutpat dui maecenas tristique est,elettronica,cad
42,lorem id ligula suspendisse ornare consequat lectus in est,informatica,cad
43,sit amet nunc viverra dapibus nulla suscipit ligula in lacus,elettronica,m
44,ultricies eu nibh quisque id justo sit amet sapien,pulizia,m
45,turpis integer aliquet massa id lobortis convallis tortor,cancelleria,kg
46,ultrices posuere cubilia curae duis faucibus accumsan odio curabitur,pulizia,m
47,quis turpis eget elit sodales scelerisque mauris sit,informatica,kg
48,cum sociis natoque penatibus et magnis,informatica,cad
49,sed justo pellentesque viverra pede ac diam cras,pulizia,m
50,sit amet eros suspendisse accumsan tortor,mobilia,m
51,at nibh in hac habitasse platea dictumst aliquam augue,cancelleria,l
52,magna vulputate luctus cum sociis natoque penatibus et magnis,libri,cad
53,lacus curabitur at ipsum ac tellus semper,cancelleria,l
54,tincidunt eu felis fusce posuere,mobilia,l
55,lectus pellentesque at nulla suspendisse potenti cras in purus,pulizia,l
56,ac nibh fusce lacus purus,elettronica,l
57,erat nulla tempus vivamus in felis eu,libri,cad
58,nunc proin at turpis a pede posuere nonummy integer,pulizia,l
59,neque aenean auctor gravida sem praesent,informatica,cad
60,leo odio porttitor id consequat in consequat,informatica,kg
61,diam in magna bibendum imperdiet nullam orci pede venenatis non,pulizia,l
62,lobortis ligula sit amet eleifend pede libero quis,informatica,m
63,rhoncus dui vel sem sed sagittis nam congue,mobilia,cad
64,sit amet sem fusce consequat nulla nisl nunc nisl duis,pulizia,cad
65,in tempor turpis nec euismod scelerisque quam turpis adipiscing,informatica,m
66,morbi ut odio cras mi pede,libri,l
67,tristique fusce congue diam id ornare imperdiet sapien urna pretium,pulizia,kg
68,ut blandit non interdum in ante vestibulum ante,informatica,l
69,sem duis aliquam convallis nunc proin at,cancelleria,m
70,ut tellus nulla ut erat id mauris vulputate elementum nullam,mobilia,m
71,lorem id ligula suspendisse ornare consequat lectus in est risus,mobilia,m
72,feugiat et eros vestibulum ac est lacinia nisi,elettronica,cad
73,eget massa tempor convallis nulla neque libero,pulizia,m
74,et magnis dis parturient montes nascetur ridiculus mus,cancelleria,l
75,amet justo morbi ut odio cras mi pede malesuada,cancelleria,l
76,laoreet ut rhoncus aliquet pulvinar sed nisl,informatica,kg
77,quam nec dui luctus rutrum nulla tellus in,mobilia,kg
78,vestibulum velit id pretium iaculis diam erat fermentum,mobilia,cad
79,ultrices phasellus id sapien in,informatica,kg
80,curabitur at ipsum ac tellus semper,informatica,cad
81,sed tristique in tempus sit amet sem,pulizia,kg
82,ligula sit amet eleifend pede,elettronica,cad
83,ipsum ac tellus semper interdum mauris ullamcorper,elettronica,kg
84,dolor sit amet consectetuer adipiscing elit proin interdum mauris non,pulizia,kg
85,quam turpis adipiscing lorem vitae,elettronica,kg
86,adipiscing lorem vitae mattis nibh ligula nec,libri,kg
87,porttitor lacus at turpis donec posuere,informatica,kg
88,lectus suspendisse potenti in eleifend quam,pulizia,m
89,morbi non lectus aliquam sit amet diam in magna,informatica,kg
90,nunc vestibulum ante ipsum primis in faucibus orci luctus,mobilia,l
91,viverra pede ac diam cras,libri,cad
92,tellus nulla ut erat id mauris vulputate elementum nullam varius,elettronica,cad
93,mus vivamus vestibulum sagittis sapien cum,elettronica,cad
94,ut massa volutpat convallis morbi odio odio,informatica,kg
95,amet lobortis sapien sapien non mi integer ac neque,cancelleria,cad
96,viverra eget congue eget semper rutrum nulla,mobilia,kg
97,odio porttitor id consequat in consequat ut nulla,informatica,m
98,primis in faucibus orci luctus et ultrices posuere,informatica,m
99,duis aliquam convallis nunc proin at turpis a pede,informatica,kg
100,purus phasellus in felis donec semper sapien a libero nam,libri,cad
101,curae donec pharetra magna vestibulum aliquet ultrices,elettronica,l
102,fusce lacus purus aliquet at feugiat non pretium,libri,m
103,metus arcu adipiscing molestie hendrerit,elettronica,l
104,curabitur at ipsum ac tellus,informatica,m
105,libero non mattis pulvinar nulla pede,cancelleria,m
106,orci luctus et ultrices posuere cubilia curae donec pharetra,libri,m
107,rhoncus dui vel sem sed sagittis nam,informatica,cad
108,donec diam neque vestibulum eget vulputate ut ultrices vel augue,elettronica,m
109,ultrices posuere cubilia curae donec pharetra magna vestibulum aliquet,elettronica,kg
110,cras pellentesque volutpat dui maecenas,elettronica,cad
111,leo odio porttitor id consequat in,informatica,m
112,rhoncus dui vel sem sed sagittis nam congue risus semper,cancelleria,kg
113,ut blandit non interdum in ante vestibulum,elettronica,kg
114,pharetra magna ac consequat metus sapien ut,libri,l
115,ut at dolor quis odio consequat,libri,kg
116,dictumst etiam faucibus cursus urna ut tellus nulla,pulizia,cad
117,quam sollicitudin vitae consectetuer eget,pulizia,cad
118,ornare consequat lectus in est risus auctor sed,mobilia,m
119,rhoncus sed vestibulum sit amet cursus id turpis integer aliquet,elettronica,cad
120,urna ut tellus nulla ut erat id mauris vulputate,pulizia,l
121,congue diam id ornare imperdiet sapien urna pretium,mobilia,kg
122,cubilia curae mauris viverra diam vitae quam suspendisse potenti,elettronica,l
123,lacinia nisi venenatis tristique fusce congue diam,informatica,l
124,felis sed interdum venenatis turpis enim blandit,pulizia,l
125,eu orci mauris lacinia sapien quis libero nullam sit amet,elettronica,kg
126,etiam justo etiam pretium iaculis justo in,pulizia,kg
127,rutrum at lorem integer tincidunt ante vel,pulizia,l
128,nulla mollis molestie lorem quisque ut erat,cancelleria,l
129,adipiscing molestie hendrerit at vulputate,pulizia,l
130,platea dictumst etiam faucibus cursus urna ut,cancelleria,l
131,vulputate nonummy maecenas tincidunt lacus at velit vivamus,elettronica,cad
132,aliquet maecenas leo odio condimentum id luctus nec molestie,cancelleria,l
133,elementum pellentesque quisque porta volutpat erat quisque erat eros,cancelleria,kg
134,non mi integer ac neque duis,pulizia,cad
135,faucibus orci luctus et ultrices posuere,elettronica,m
136,nullam porttitor lacus at turpis donec posuere metus vitae ipsum,mobilia,kg
137,vitae consectetuer eget rutrum at lorem integer tincidunt,libri,m
138,vestibulum rutrum rutrum neque aenean auctor gravida sem praesent,elettronica,kg
139,sem fusce consequat nulla nisl nunc nisl duis bibendum,cancelleria,m
140,dolor vel est donec odio justo sollicitudin,informatica,l
141,suscipit a feugiat et eros,libri,cad
142,justo sollicitudin ut suscipit a feugiat et eros vestibulum,cancelleria,l
143,quis tortor id nulla ultrices aliquet,mobilia,l
144,felis eu sapien cursus vestibulum,cancelleria,m
145,vulputate nonummy maecenas tincidunt lacus,mobilia,m
146,nulla justo aliquam quis turpis eget,elettronica,l
147,amet erat nulla tempus vivamus in,mobilia,l
148,lobortis vel dapibus at diam nam tristique tortor,elettronica,kg
149,curabitur at ipsum ac tellus semper,cancelleria,l
150,id lobortis convallis tortor risus dapibus augue vel,pulizia,kg
151,non lectus aliquam sit amet,mobilia,cad
152,ac lobortis vel dapibus at diam nam tristique tortor eu,pulizia,l
153,vestibulum sit amet cursus id turpis integer aliquet,libri,l
154,morbi sem mauris laoreet ut rhoncus,libri,l
155,a suscipit nulla elit ac nulla sed,cancelleria,kg
156,eu nibh quisque id justo sit amet sapien dignissim,mobilia,l
157,erat tortor sollicitudin mi sit amet lobortis sapien sapien non,pulizia,cad
158,faucibus orci luctus et ultrices,mobilia,l
159,pretium iaculis diam erat fermentum justo,mobilia,kg
160,purus sit amet nulla quisque arcu libero rutrum ac,pulizia,l
161,volutpat quam pede lobortis ligula sit amet eleifend,informatica,m
162,eget vulputate ut ultrices vel augue vestibulum,informatica,m
163,tincidunt lacus at velit vivamus vel nulla eget,informatica,l
164,duis bibendum morbi non quam nec dui,informatica,m
165,erat eros viverra eget congue eget semper,libri,kg
166,sollicitudin vitae consectetuer eget rutrum,informatica,cad
167,nibh quisque id justo sit amet,libri,kg
168,ornare imperdiet sapien urna pretium nisl ut volutpat,libri,l
169,amet consectetuer adipiscing elit proin interdum,informatica,kg
170,ullamcorper purus sit amet nulla quisque arcu libero rutrum,elettronica,m
171,donec semper sapien a libero nam dui,libri,m
172,nunc rhoncus dui vel sem,informatica,l
173,ante ipsum primis in faucibus,elettronica,l
174,congue vivamus metus arcu adipiscing,informatica,m
175,id turpis integer aliquet massa id lobortis convallis tortor,mobilia,kg
176,eget semper rutrum nulla nunc,informatica,kg
177,vestibulum proin eu mi nulla ac enim in tempor turpis,mobilia,kg
178,quam a odio in hac habitasse platea dictumst,cancelleria,kg
179,odio elementum eu interdum eu tincidunt in leo maecenas pulvinar,libri,kg
180,iaculis diam erat fermentum justo nec condimentum neque sapien,pulizia,cad
181,mauris non ligula pellentesque ultrices phasellus,cancelleria,kg
182,quis orci eget orci vehicula condimentum curabitur in libero,libri,cad
183,sit amet turpis elementum ligula vehicula consequat morbi a,mobilia,cad
184,sagittis nam congue risus semper porta volutpat quam,libri,m
185,turpis enim blandit mi in porttitor,cancelleria,m
186,lectus pellentesque eget nunc donec quis orci eget orci vehicula,libri,m
187,suspendisse potenti in eleifend quam a odio in,informatica,m
188,massa donec dapibus duis at velit eu est congue,mobilia,m
189,ut dolor morbi vel lectus in quam fringilla rhoncus,mobilia,cad
190,tortor quis turpis sed ante vivamus tortor duis mattis egestas,elettronica,cad
191,sapien varius ut blandit non interdum in ante,pulizia,m
192,curae mauris viverra diam vitae quam suspendisse potenti,cancelleria,cad
193,iaculis congue vivamus metus arcu adipiscing,elettronica,kg
194,duis at velit eu est congue elementum in hac,libri,l
195,erat volutpat in congue etiam justo etiam pretium iaculis justo,informatica,l
196,dapibus augue vel accumsan tellus,cancelleria,l
197,proin interdum mauris non ligula pellentesque ultrices phasellus id sapien,libri,l
198,duis ac nibh fusce lacus purus aliquet at feugiat non,informatica,cad
199,dis parturient montes nascetur ridiculus mus etiam vel,elettronica,cad
200,nibh in lectus pellentesque at nulla,informatica,cad
201,ac consequat metus sapien ut nunc vestibulum ante ipsum primis,libri,l
202,id justo sit amet sapien dignissim vestibulum vestibulum ante,cancelleria,m
203,vestibulum quam sapien varius ut,elettronica,m
204,sit amet turpis elementum ligula vehicula consequat,libri,m
205,lobortis est phasellus sit amet,libri,kg
206,quis turpis eget elit sodales scelerisque,cancelleria,kg
207,risus praesent lectus vestibulum quam sapien,informatica,kg
208,bibendum morbi non quam nec dui luctus rutrum,informatica,cad
209,vivamus vestibulum sagittis sapien cum sociis natoque penatibus,libri,cad
210,quam pharetra magna ac consequat metus sapien ut,libri,kg
211,orci nullam molestie nibh in lectus pellentesque at nulla,pulizia,kg
212,est lacinia nisi venenatis tristique fusce congue diam,mobilia,l
213,nam nulla integer pede justo lacinia eget tincidunt eget,pulizia,cad
214,tempus semper est quam pharetra magna,elettronica,l
215,magna at nunc commodo placerat praesent blandit,pulizia,m
216,donec dapibus duis at velit eu est congue elementum in,cancelleria,m
217,risus semper porta volutpat quam pede lobortis ligula sit,libri,m
218,tempus vivamus in felis eu sapien cursus vestibulum,libri,kg
219,mi integer ac neque duis bibendum,cancelleria,cad
220,luctus rutrum nulla tellus in sagittis dui vel nisl duis,pulizia,kg
221,aliquet pulvinar sed nisl nunc,informatica,cad
222,ullamcorper augue a suscipit nulla elit ac nulla sed vel,elettronica,m
223,venenatis tristique fusce congue diam id ornare imperdiet sapien urna,mobilia,m
224,vestibulum quam sapien varius ut blandit,elettronica,kg
225,metus vitae ipsum aliquam non mauris morbi non lectus aliquam,cancelleria,cad
226,ornare consequat lectus in est risus auctor,informatica,l
227,nunc viverra dapibus nulla suscipit ligula in lacus curabitur,pulizia,l
228,rutrum at lorem integer tincidunt ante,mobilia,cad
229,dis parturient montes nascetur ridiculus mus vivamus,informatica,m
230,tempus vel pede morbi porttitor lorem id ligula suspendisse,cancelleria,m
231,eleifend donec ut dolor morbi,informatica,kg
232,in faucibus orci luctus et ultrices posuere,pulizia,kg
233,in blandit ultrices enim lorem ipsum,mobilia,cad
234,in hac habitasse platea dictumst etiam faucibus cursus urna ut,elettronica,kg
235,pede malesuada in imperdiet et,pulizia,m
236,luctus rutrum nulla tellus in sagittis dui,cancelleria,kg
237,dis parturient montes nascetur ridiculus mus vivamus,pulizia,cad
238,nulla eget eros elementum pellentesque quisque porta,cancelleria,l
239,primis in faucibus orci luctus et ultrices posuere cubilia,mobilia,kg
240,in purus eu magna vulputate luctus,informatica,kg
241,porta volutpat quam pede lobortis ligula sit,informatica,kg
242,cursus urna ut tellus nulla ut erat id,libri,kg
243,at feugiat non pretium quis,pulizia,m
244,venenatis non sodales sed tincidunt eu felis,cancelleria,m
245,et tempus semper est quam,cancelleria,kg
246,primis in faucibus orci luctus et,informatica,m
247,faucibus orci luctus et ultrices posuere cubilia curae,cancelleria,m
248,lectus in quam fringilla rhoncus mauris enim leo rhoncus,mobilia,kg
249,vestibulum quam sapien varius ut blandit non interdum in,pulizia,l
250,dolor morbi vel lectus in quam,mobilia,kg
251,congue diam id ornare imperdiet sapien urna pretium nisl ut,elettronica,cad
252,in consequat ut nulla sed accumsan,informatica,m
253,interdum venenatis turpis enim blandit mi in porttitor,libri,cad
254,proin leo odio porttitor id consequat,informatica,cad
255,integer tincidunt ante vel ipsum praesent blandit,mobilia,l
256,metus arcu adipiscing molestie hendrerit at,libri,cad
257,bibendum felis sed interdum venenatis turpis enim blandit mi,elettronica,kg
258,vel augue vestibulum ante ipsum primis in faucibus orci luctus,elettronica,kg
259,ligula pellentesque ultrices phasellus id,pulizia,l
260,luctus cum sociis natoque penatibus et magnis dis parturient,mobilia,l
261,felis donec semper sapien a libero nam dui proin leo,elettronica,m
262,ac enim in tempor turpis nec euismod scelerisque quam turpis,informatica,cad
263,integer non velit donec diam neque vestibulum eget vulputate,cancelleria,cad
264,vel lectus in quam fringilla rhoncus mauris enim,libri,kg
265,scelerisque quam turpis adipiscing lorem,pulizia,cad
266,varius ut blandit non interdum in ante vestibulum ante ipsum,informatica,l
267,nulla suscipit ligula in lacus curabitur at ipsum ac tellus,libri,cad
268,amet nunc viverra dapibus nulla suscipit ligula in lacus,elettronica,kg
269,a libero nam dui proin leo,cancelleria,kg
270,sit amet eleifend pede libero quis orci nullam molestie nibh,mobilia,m
271,natoque penatibus et magnis dis parturient,cancelleria,m
272,nulla integer pede justo lacinia eget tincidunt,libri,kg
273,accumsan felis ut at dolor quis odio consequat varius integer,elettronica,m
274,ipsum primis in faucibus orci luctus et ultrices posuere,pulizia,l
275,fusce lacus purus aliquet at feugiat non pretium quis,cancelleria,m
276,in lacus curabitur at ipsum ac tellus semper interdum,informatica,kg
277,sit amet eros suspendisse accumsan,libri,kg
278,suspendisse potenti nullam porttitor lacus,cancelleria,cad
279,non pretium quis lectus suspendisse potenti in eleifend,informatica,m
280,lacus at turpis donec posuere metus vitae ipsum,cancelleria,cad
281,id mauris vulputate elementum nullam varius nulla facilisi cras,pulizia,l
282,eget semper rutrum nulla nunc,elettronica,kg
283,vel nisl duis ac nibh fusce lacus purus,mobilia,cad
284,dui maecenas tristique est et tempus semper,mobilia,m
285,lectus in est risus auctor sed tristique,elettronica,kg
286,tortor sollicitudin mi sit amet,cancelleria,kg
287,sapien arcu sed augue aliquam erat volutpat,cancelleria,kg
288,pellentesque viverra pede ac diam cras,informatica,cad
289,enim in tempor turpis nec euismod scelerisque,elettronica,kg
290,faucibus orci luctus et ultrices posuere cubilia curae duis,pulizia,kg
291,imperdiet nullam orci pede venenatis non sodales sed,libri,l
292,tortor sollicitudin mi sit amet,mobilia,cad
293,ut massa volutpat convallis morbi odio odio elementum eu interdum,elettronica,cad
294,ante ipsum primis in faucibus,pulizia,kg
295,pede justo eu massa donec dapibus,mobilia,l
296,justo morbi ut odio cras mi,mobilia,l
297,felis ut at dolor quis odio consequat,elettronica,kg
298,consequat ut nulla sed accumsan felis ut at dolor quis,mobilia,m
299,ac consequat metus sapien ut nunc vestibulum,cancelleria,l
300,volutpat quam pede lobortis ligula,elettronica,m
301,nec molestie sed justo pellentesque viverra,mobilia,kg
302,vestibulum ac est lacinia nisi venenatis tristique,pulizia,m
303,sed lacus morbi sem mauris laoreet ut rhoncus,pulizia,cad
304,aliquet at feugiat non pretium quis lectus suspendisse potenti,pulizia,l
305,orci luctus et ultrices posuere cubilia curae,pulizia,cad
306,vel augue vestibulum ante ipsum primis in,libri,l
307,mauris non ligula pellentesque ultrices phasellus id sapien,cancelleria,l
308,nascetur ridiculus mus etiam vel,cancelleria,kg
309,nibh in lectus pellentesque at nulla suspendisse potenti,elettronica,cad
310,lobortis vel dapibus at diam,libri,l
311,mauris eget massa tempor convallis nulla neque libero convallis,elettronica,cad
312,quis turpis sed ante vivamus tortor,libri,m
313,aliquet maecenas leo odio condimentum id luctus nec molestie,mobilia,cad
314,sed augue aliquam erat volutpat in congue,libri,l
315,molestie nibh in lectus pellentesque at nulla suspendisse potenti,cancelleria,cad
316,iaculis diam erat fermentum justo nec condimentum neque,mobilia,m
317,congue risus semper porta volutpat,cancelleria,kg
318,blandit ultrices enim lorem ipsum,mobilia,m
319,venenatis lacinia aenean sit amet justo,pulizia,kg
320,non lectus aliquam sit amet diam in magna bibendum imperdiet,informatica,kg
321,sapien cursus vestibulum proin eu mi nulla ac enim in,pulizia,l
322,quam pede lobortis ligula sit amet eleifend,libri,cad
323,pede justo lacinia eget tincidunt eget tempus vel pede,mobilia,cad
324,sapien in sapien iaculis congue,pulizia,l
325,condimentum id luctus nec molestie sed justo pellentesque,libri,l
326,in congue etiam justo etiam pretium iaculis justo in hac,pulizia,l
327,molestie sed justo pellentesque viverra pede ac diam,cancelleria,cad
328,est donec odio justo sollicitudin ut suscipit a feugiat et,pulizia,l
329,velit donec diam neque vestibulum eget,mobilia,cad
330,faucibus orci luctus et ultrices posuere cubilia,elettronica,l
331,vel est donec odio justo sollicitudin ut suscipit a,cancelleria,m
332,ut rhoncus aliquet pulvinar sed nisl nunc rhoncus dui,pulizia,m
333,condimentum id luctus nec molestie,mobilia,kg
334,nec molestie sed justo pellentesque viverra pede ac diam,mobilia,l
335,turpis donec posuere metus vitae ipsum aliquam non,elettronica,cad
336,non pretium quis lectus suspendisse potenti,mobilia,cad
337,nullam orci pede venenatis non sodales sed tincidunt eu felis,cancelleria,kg
338,turpis a pede posuere nonummy integer,informatica,l
339,luctus et ultrices posuere cubilia,pulizia,l
340,aenean lectus pellentesque eget nunc donec,pulizia,m
341,potenti cras in purus eu magna vulputate luctus cum,elettronica,l
342,nisl venenatis lacinia aenean sit amet justo morbi ut,libri,cad
343,tortor risus dapibus augue vel accumsan tellus nisi eu,pulizia,l
344,maecenas rhoncus aliquam lacus morbi quis tortor id nulla ultrices,pulizia,kg
345,quisque porta volutpat erat quisque erat eros viverra eget congue,elettronica,cad
346,justo morbi ut odio cras mi pede malesuada in imperdiet,mobilia,kg
347,consectetuer eget rutrum at lorem integer tincidunt ante vel,cancelleria,m
348,quisque ut erat curabitur gravida nisi,mobilia,kg
349,sollicitudin vitae consectetuer eget rutrum at lorem integer tincidunt,mobilia,m
350,vel augue vestibulum ante ipsum primis in,informatica,kg
351,mauris laoreet ut rhoncus aliquet pulvinar sed nisl nunc,pulizia,m
352,porta volutpat quam pede lobortis ligula sit amet eleifend,mobilia,kg
353,justo maecenas rhoncus aliquam lacus morbi quis,mobilia,l
354,volutpat quam pede lobortis ligula sit amet eleifend,informatica,l
355,ut rhoncus aliquet pulvinar sed nisl,pulizia,m
356,orci luctus et ultrices posuere cubilia curae duis faucibus,libri,m
357,semper sapien a libero nam dui proin leo odio porttitor,informatica,l
358,a feugiat et eros vestibulum ac,pulizia,m
359,nibh in hac habitasse platea dictumst aliquam augue quam,mobilia,kg
360,donec diam neque vestibulum eget vulputate ut ultrices vel augue,libri,m
361,in quam fringilla rhoncus mauris enim leo rhoncus sed vestibulum,informatica,l
362,integer tincidunt ante vel ipsum praesent blandit lacinia erat vestibulum,cancelleria,m
363,lacinia eget tincidunt eget tempus vel pede morbi porttitor lorem,mobilia,cad
364,semper est quam pharetra magna ac consequat metus sapien ut,cancelleria,kg
365,amet turpis elementum ligula vehicula consequat morbi a ipsum integer,libri,cad
366,ligula nec sem duis aliquam convallis nunc proin at,mobilia,kg
367,proin risus praesent lectus vestibulum quam,mobilia,l
368,lobortis ligula sit amet eleifend pede libero quis orci,elettronica,kg
369,nisl duis bibendum felis sed interdum venenatis,libri,cad
370,sit amet justo morbi ut odio cras mi pede malesuada,pulizia,l
371,nulla tempus vivamus in felis,cancelleria,l
372,consectetuer adipiscing elit proin interdum mauris non,elettronica,kg
373,penatibus et magnis dis parturient montes nascetur ridiculus mus vivamus,pulizia,kg
374,lacinia erat vestibulum sed magna,mobilia,l
375,volutpat convallis morbi odio odio,cancelleria,m
376,varius nulla facilisi cras non velit nec nisi,mobilia,m
377,aenean sit amet justo morbi,mobilia,cad
378,convallis tortor risus dapibus augue vel accumsan,informatica,cad
379,ac consequat metus sapien ut nunc vestibulum ante,informatica,l
380,montes nascetur ridiculus mus etiam vel augue vestibulum,cancelleria,kg
381,auctor gravida sem praesent id massa id,mobilia,l
382,rutrum rutrum neque aenean auctor gravida sem praesent id massa,pulizia,cad
383,id lobortis convallis tortor risus dapibus augue vel accumsan tellus,libri,kg
384,sed interdum venenatis turpis enim blandit,elettronica,kg
385,odio condimentum id luctus nec molestie sed justo,mobilia,l
386,dolor sit amet consectetuer adipiscing,libri,m
387,ac nibh fusce lacus purus aliquet,mobilia,m
388,metus arcu adipiscing molestie hendrerit at vulputate vitae nisl aenean,libri,kg
389,ultrices enim lorem ipsum dolor,pulizia,cad
390,nisl nunc nisl duis bibendum felis sed interdum venenatis turpis,elettronica,kg
391,eget rutrum at lorem integer tincidunt ante vel,informatica,l
392,nunc vestibulum ante ipsum primis in faucibus orci luctus,elettronica,kg
393,vulputate luctus cum sociis natoque penatibus et magnis,informatica,m
394,primis in faucibus orci luctus et ultrices posuere cubilia curae,informatica,m
395,vitae quam suspendisse potenti nullam porttitor lacus at turpis donec,elettronica,kg
396,vestibulum ante ipsum primis in faucibus orci luctus,informatica,kg
397,nullam sit amet turpis elementum,mobilia,m
398,nulla eget eros elementum pellentesque,informatica,kg
399,morbi non lectus aliquam sit amet diam in magna bibendum,informatica,cad
400,commodo vulputate justo in blandit ultrices enim lorem,libri,m
401,scelerisque mauris sit amet eros,libri,l
402,fermentum donec ut mauris eget massa tempor,informatica,m
403,in faucibus orci luctus et ultrices,informatica,l
404,placerat praesent blandit nam nulla,libri,l
405,dapibus augue vel accumsan tellus nisi eu orci mauris,libri,l
406,neque libero convallis eget eleifend luctus ultricies,cancelleria,m
407,condimentum id luctus nec molestie sed justo,mobilia,m
408,turpis eget elit sodales scelerisque mauris sit amet eros suspendisse,informatica,l
409,gravida nisi at nibh in hac habitasse,informatica,kg
410,nam nulla integer pede justo,informatica,m
411,consectetuer adipiscing elit proin risus,elettronica,kg
412,vestibulum sit amet cursus id turpis integer aliquet massa id,pulizia,l
413,sit amet erat nulla tempus vivamus in felis eu,cancelleria,kg
414,dignissim vestibulum vestibulum ante ipsum primis in faucibus orci luctus,cancelleria,m
415,odio donec vitae nisi nam ultrices libero,cancelleria,m
416,metus arcu adipiscing molestie hendrerit at vulputate vitae nisl,informatica,m
417,mauris ullamcorper purus sit amet nulla quisque arcu,cancelleria,cad
418,vitae mattis nibh ligula nec sem,informatica,kg
419,eget semper rutrum nulla nunc purus phasellus,mobilia,l
420,molestie hendrerit at vulputate vitae nisl,informatica,cad
421,donec ut dolor morbi vel lectus,cancelleria,l
422,rhoncus mauris enim leo rhoncus sed,pulizia,l
423,laoreet ut rhoncus aliquet pulvinar,mobilia,l
424,amet sem fusce consequat nulla nisl nunc nisl duis bibendum,libri,m
425,lacus at velit vivamus vel nulla eget eros elementum pellentesque,informatica,kg
426,rutrum rutrum neque aenean auctor gravida sem praesent,informatica,kg
427,neque duis bibendum morbi non quam nec,cancelleria,m
428,aliquet pulvinar sed nisl nunc rhoncus dui vel sem,cancelleria,m
429,vestibulum vestibulum ante ipsum primis in faucibus orci luctus,pulizia,m
430,id consequat in consequat ut nulla sed accumsan felis,pulizia,m
431,congue risus semper porta volutpat quam pede,cancelleria,l
432,lectus in est risus auctor sed tristique,informatica,m
433,pulvinar lobortis est phasellus sit amet erat nulla tempus vivamus,mobilia,cad
434,at nulla suspendisse potenti cras in purus eu,informatica,l
435,mauris viverra diam vitae quam,pulizia,m
436,a ipsum integer a nibh in quis justo maecenas rhoncus,cancelleria,cad
437,donec diam neque vestibulum eget,informatica,cad
438,sit amet nunc viverra dapibus nulla,libri,m
439,nam congue risus semper porta volutpat quam pede lobortis,elettronica,l
440,mauris viverra diam vitae quam suspendisse potenti nullam porttitor,cancelleria,m
441,dapibus dolor vel est donec,cancelleria,cad
442,molestie nibh in lectus pellentesque at,libri,cad
443,ullamcorper purus sit amet nulla,libri,l
444,morbi ut odio cras mi pede malesuada,mobilia,m
445,accumsan felis ut at dolor quis,cancelleria,l
446,placerat praesent blandit nam nulla integer pede justo lacinia eget,cancelleria,kg
447,dolor sit amet consectetuer adipiscing elit proin,libri,kg
448,pellentesque ultrices mattis odio donec,pulizia,cad
449,sed magna at nunc commodo,elettronica,kg
450,nulla sed accumsan felis ut at dolor quis odio consequat,elettronica,l
451,neque aenean auctor gravida sem praesent id massa id,pulizia,l
452,vulputate nonummy maecenas tincidunt lacus at,pulizia,kg
453,tristique in tempus sit amet sem fusce,informatica,l
454,ac nibh fusce lacus purus aliquet,informatica,l
455,at nunc commodo placerat praesent blandit,mobilia,l
456,tristique fusce congue diam id ornare imperdiet sapien urna,cancelleria,l
457,erat eros viverra eget congue eget semper rutrum nulla,pulizia,kg
458,commodo placerat praesent blandit nam nulla integer pede justo lacinia,pulizia,cad
459,semper est quam pharetra magna ac consequat metus sapien,cancelleria,kg
460,venenatis turpis enim blandit mi in porttitor pede,elettronica,l
461,pellentesque ultrices phasellus id sapien in sapien iaculis congue vivamus,libri,cad
462,sit amet sem fusce consequat nulla nisl nunc nisl,informatica,cad
463,pretium iaculis justo in hac habitasse platea dictumst etiam,informatica,cad
464,habitasse platea dictumst morbi vestibulum velit id pretium iaculis,mobilia,m
465,eu felis fusce posuere felis sed,elettronica,m
466,nisl duis ac nibh fusce lacus,mobilia,cad
467,integer aliquet massa id lobortis convallis tortor risus dapibus,elettronica,cad
468,penatibus et magnis dis parturient montes,cancelleria,cad
469,erat id mauris vulputate elementum nullam varius nulla facilisi,pulizia,kg
470,etiam faucibus cursus urna ut tellus nulla ut,informatica,l
471,sapien cum sociis natoque penatibus et,mobilia,m
472,quam sollicitudin vitae consectetuer eget rutrum,informatica,m
473,tristique in tempus sit amet sem fusce,mobilia,kg
474,mauris ullamcorper purus sit amet nulla quisque arcu libero,elettronica,cad
475,ante nulla justo aliquam quis turpis eget elit,mobilia,cad
476,cursus urna ut tellus nulla ut erat id,elettronica,l
477,sodales scelerisque mauris sit amet,informatica,m
478,maecenas pulvinar lobortis est phasellus sit amet erat,libri,m
479,at ipsum ac tellus semper interdum mauris ullamcorper,pulizia,m
480,ac enim in tempor turpis nec euismod scelerisque quam,libri,kg
481,nulla suspendisse potenti cras in purus,libri,l
482,urna pretium nisl ut volutpat sapien arcu sed,libri,m
483,rutrum ac lobortis vel dapibus at diam nam tristique tortor,cancelleria,l
484,montes nascetur ridiculus mus etiam vel augue vestibulum rutrum,mobilia,m
485,lacinia nisi venenatis tristique fusce congue diam id ornare,elettronica,kg
486,nisi at nibh in hac habitasse platea,pulizia,cad
487,non sodales sed tincidunt eu felis fusce posuere,pulizia,kg
488,vitae nisi nam ultrices libero,elettronica,l
489,metus aenean fermentum donec ut mauris,pulizia,cad
490,magna vestibulum aliquet ultrices erat tortor,elettronica,kg
491,leo pellentesque ultrices mattis odio donec vitae nisi,libri,kg
492,in hac habitasse platea dictumst maecenas ut,cancelleria,l
493,sit amet justo morbi ut,elettronica,kg
494,semper rutrum nulla nunc purus phasellus in felis donec,libri,cad
495,justo sit amet sapien dignissim vestibulum,libri,cad
496,eu sapien cursus vestibulum proin eu,pulizia,kg
497,nulla suspendisse potenti cras in,pulizia,m
498,odio elementum eu interdum eu tincidunt in leo,elettronica,cad
499,nibh ligula nec sem duis,cancelleria,l
500,vestibulum ac est lacinia nisi venenatis tristique fusce,informatica,kg
501,morbi ut odio cras mi pede,elettronica,kg
502,non velit donec diam neque vestibulum eget vulputate,cancelleria,m
503,ac est lacinia nisi venenatis tristique fusce congue diam id,mobilia,cad
504,vestibulum rutrum rutrum neque aenean auctor gravida,libri,m
505,turpis elementum ligula vehicula consequat morbi,elettronica,kg
506,ultricies eu nibh quisque id justo sit amet sapien dignissim,mobilia,kg
507,vestibulum eget vulputate ut ultrices vel augue vestibulum,elettronica,kg
508,nibh fusce lacus purus aliquet at feugiat non,cancelleria,m
509,accumsan felis ut at dolor quis odio consequat varius integer,elettronica,l
510,id massa id nisl venenatis,mobilia,kg
511,lectus aliquam sit amet diam in magna,mobilia,cad
512,morbi non quam nec dui luctus rutrum nulla tellus in,elettronica,kg
513,volutpat dui maecenas tristique est et tempus semper,libri,kg
514,sem mauris laoreet ut rhoncus aliquet pulvinar sed,informatica,l
515,nulla nisl nunc nisl duis bibendum felis sed interdum,elettronica,m
516,in tempus sit amet sem fusce consequat,libri,m
517,elit ac nulla sed vel enim sit amet,libri,cad
518,nulla neque libero convallis eget eleifend luctus ultricies,elettronica,m
519,nullam porttitor lacus at turpis donec posuere metus vitae,elettronica,kg
520,ut at dolor quis odio consequat varius integer,elettronica,kg
521,suspendisse potenti nullam porttitor lacus,libri,kg
522,sed augue aliquam erat volutpat in congue etiam,cancelleria,kg
523,nisi venenatis tristique fusce congue diam id,mobilia,m
524,donec vitae nisi nam ultrices libero non mattis pulvinar,elettronica,kg
525,non interdum in ante vestibulum ante ipsum primis,informatica,m
526,id ornare imperdiet sapien urna,cancelleria,cad
527,nunc rhoncus dui vel sem sed,informatica,kg
528,sed interdum venenatis turpis enim blandit mi in porttitor,elettronica,l
529,habitasse platea dictumst morbi vestibulum velit id pretium iaculis,informatica,kg
530,convallis duis consequat dui nec nisi,libri,l
531,dui vel nisl duis ac nibh fusce lacus purus aliquet,pulizia,l
532,sed tincidunt eu felis fusce posuere felis sed lacus,cancelleria,l
533,in lacus curabitur at ipsum ac tellus,cancelleria,m
534,penatibus et magnis dis parturient montes nascetur ridiculus mus,informatica,m
535,cum sociis natoque penatibus et magnis dis parturient montes,pulizia,cad
536,diam id ornare imperdiet sapien urna pretium nisl ut,cancelleria,l
537,purus eu magna vulputate luctus cum sociis natoque penatibus et,elettronica,l
538,habitasse platea dictumst etiam faucibus cursus urna ut,mobilia,m
539,volutpat erat quisque erat eros viverra,pulizia,m
540,posuere felis sed lacus morbi sem mauris laoreet ut,elettronica,kg
541,non velit nec nisi vulputate nonummy maecenas,elettronica,kg
542,nec euismod scelerisque quam turpis adipiscing lorem vitae,elettronica,kg
543,non sodales sed tincidunt eu felis fusce posuere,elettronica,l
544,erat eros viverra eget congue eget semper rutrum,libri,cad
545,et ultrices posuere cubilia curae,pulizia,l
546,mus etiam vel augue vestibulum rutrum rutrum neque aenean,elettronica,l
547,libero rutrum ac lobortis vel dapibus at diam nam tristique,elettronica,l
548,integer tincidunt ante vel ipsum,elettronica,cad
549,mattis nibh ligula nec sem duis aliquam convallis nunc,cancelleria,m
550,id pretium iaculis diam erat fermentum justo nec condimentum,libri,kg
551,amet turpis elementum ligula vehicula consequat morbi a,elettronica,cad
552,quisque porta volutpat erat quisque,libri,kg
553,magna vulputate luctus cum sociis natoque penatibus,informatica,m
554,erat nulla tempus vivamus in felis eu sapien cursus vestibulum,informatica,cad
555,metus sapien ut nunc vestibulum ante ipsum,libri,cad
556,semper porta volutpat quam pede lobortis ligula sit amet eleifend,libri,l
557,sit amet nunc viverra dapibus nulla suscipit ligula,elettronica,cad
558,nulla neque libero convallis eget eleifend luctus ultricies eu,informatica,kg
559,lacinia sapien quis libero nullam sit amet turpis elementum ligula,pulizia,kg
560,molestie nibh in lectus pellentesque at,libri,cad
561,phasellus id sapien in sapien iaculis congue,elettronica,m
562,congue diam id ornare imperdiet sapien urna pretium nisl ut,elettronica,kg
563,accumsan tortor quis turpis sed ante,pulizia,kg
564,mi in porttitor pede justo eu massa donec,informatica,m
565,primis in faucibus orci luctus et ultrices posuere,libri,m
566,justo maecenas rhoncus aliquam lacus morbi quis,informatica,kg
567,mauris eget massa tempor convallis,mobilia,cad
568,etiam justo etiam pretium iaculis justo in hac habitasse,elettronica,cad
569,elementum ligula vehicula consequat morbi a ipsum,elettronica,cad
570,pede ac diam cras pellentesque volutpat dui maecenas,mobilia,l
571,quisque ut erat curabitur gravida nisi at nibh in,libri,kg
572,risus praesent lectus vestibulum quam sapien varius ut blandit,informatica,l
573,est quam pharetra magna ac consequat metus sapien ut,libri,cad
574,lorem vitae mattis nibh ligula nec sem duis,informatica,l
575,id justo sit amet sapien dignissim,pulizia,l
576,porttitor pede justo eu massa,mobilia,kg
577,dui luctus rutrum nulla tellus in sagittis dui vel,informatica,l
578,habitasse platea dictumst etiam faucibus,pulizia,m
579,vitae consectetuer eget rutrum at lorem integer tincidunt ante,libri,cad
580,quis orci eget orci vehicula,libri,cad
581,orci vehicula condimentum curabitur in libero,elettronica,kg
582,eu nibh quisque id justo sit amet sapien dignissim,mobilia,cad
583,donec vitae nisi nam ultrices libero,cancelleria,cad
584,volutpat erat quisque erat eros viverra eget congue,libri,cad
585,at vulputate vitae nisl aenean lectus pellentesque eget nunc donec,elettronica,m
586,dis parturient montes nascetur ridiculus mus vivamus vestibulum,informatica,m
587,eget semper rutrum nulla nunc purus phasellus in felis donec,cancelleria,l
588,odio in hac habitasse platea,informatica,m
589,curae mauris viverra diam vitae quam suspendisse potenti,informatica,l
590,convallis nulla neque libero convallis eget eleifend luctus ultricies eu,elettronica,m
591,erat eros viverra eget congue eget semper,libri,kg
592,curae duis faucibus accumsan odio curabitur convallis,mobilia,kg
593,primis in faucibus orci luctus et,libri,l
594,tristique fusce congue diam id ornare imperdiet sapien urna,cancelleria,cad
595,nisl nunc rhoncus dui vel sem sed sagittis nam congue,cancelleria,kg
596,nisi volutpat eleifend donec ut dolor morbi vel,mobilia,l
597,justo etiam pretium iaculis justo in hac habitasse,mobilia,kg
598,mauris viverra diam vitae quam suspendisse,informatica,m
599,faucibus orci luctus et ultrices posuere cubilia,mobilia,kg
600,velit eu est congue elementum in hac,informatica,kg
601,non pretium quis lectus suspendisse potenti in,pulizia,l
602,aliquet maecenas leo odio condimentum id,libri,m
603,aliquam sit amet diam in magna bibendum imperdiet,libri,kg
604,aliquet pulvinar sed nisl nunc rhoncus dui vel,cancelleria,m
605,aenean sit amet justo morbi ut odio cras mi pede,elettronica,kg
606,odio curabitur convallis duis consequat dui nec,informatica,l
607,gravida sem praesent id massa id,mobilia,l
608,ut massa quis augue luctus,cancelleria,l
609,porta volutpat quam pede lobortis ligula sit amet,libri,m
610,vestibulum sagittis sapien cum sociis natoque penatibus et magnis dis,cancelleria,kg
611,malesuada in imperdiet et commodo vulputate justo in blandit ultrices,cancelleria,l
612,amet nulla quisque arcu libero,libri,cad
613,metus aenean fermentum donec ut mauris,cancelleria,cad
614,sapien sapien non mi integer ac neque duis,informatica,kg
615,eu tincidunt in leo maecenas pulvinar lobortis est,libri,cad
616,lacus curabitur at ipsum ac tellus semper,mobilia,kg
617,pede malesuada in imperdiet et commodo vulputate justo in blandit,informatica,m
618,nisi venenatis tristique fusce congue diam,pulizia,cad
619,quisque arcu libero rutrum ac lobortis vel,mobilia,kg
620,sapien in sapien iaculis congue,informatica,l
621,sapien cum sociis natoque penatibus et,cancelleria,m
622,orci nullam molestie nibh in lectus pellentesque,elettronica,cad
623,sapien iaculis congue vivamus metus arcu adipiscing molestie hendrerit at,informatica,m
624,quis orci nullam molestie nibh in lectus,mobilia,l
625,eros suspendisse accumsan tortor quis,elettronica,l
626,nulla suspendisse potenti cras in purus eu magna,informatica,kg
627,ac lobortis vel dapibus at diam,cancelleria,l
628,suspendisse ornare consequat lectus in est,cancelleria,m
629,imperdiet sapien urna pretium nisl ut volutpat sapien arcu,elettronica,cad
630,non ligula pellentesque ultrices phasellus id sapien in,libri,kg
631,ut massa quis augue luctus tincidunt nulla mollis,informatica,cad
632,id nulla ultrices aliquet maecenas leo odio condimentum id,informatica,m
633,mi nulla ac enim in,informatica,m
634,justo in hac habitasse platea dictumst etiam faucibus cursus urna,libri,cad
635,hendrerit at vulputate vitae nisl aenean lectus pellentesque,cancelleria,m
636,enim blandit mi in porttitor,pulizia,kg
637,vel est donec odio justo sollicitudin ut suscipit a feugiat,elettronica,l
638,sit amet eleifend pede libero,cancelleria,l
639,rutrum rutrum neque aenean auctor gravida sem praesent id,cancelleria,m
640,blandit mi in porttitor pede justo,elettronica,l
641,consequat morbi a ipsum integer a nibh in quis justo,libri,m
642,eu interdum eu tincidunt in leo maecenas pulvinar lobortis,cancelleria,cad
643,nullam sit amet turpis elementum ligula vehicula consequat,elettronica,l
644,suscipit ligula in lacus curabitur at ipsum,cancelleria,l
645,hac habitasse platea dictumst aliquam augue,elettronica,kg
646,ut tellus nulla ut erat id,libri,m
647,sit amet erat nulla tempus vivamus in felis eu sapien,mobilia,m
648,at vulputate vitae nisl aenean lectus pellentesque eget,informatica,kg
649,sed sagittis nam congue risus semper porta volutpat,mobilia,kg
650,sagittis nam congue risus semper porta volutpat,elettronica,m
651,in sapien iaculis congue vivamus metus arcu adipiscing molestie hendrerit,mobilia,kg
652,vestibulum rutrum rutrum neque aenean auctor gravida sem praesent,elettronica,m
653,quis orci eget orci vehicula condimentum curabitur in libero,informatica,l
654,congue eget semper rutrum nulla nunc purus,mobilia,l
655,nunc commodo placerat praesent blandit nam nulla integer pede justo,elettronica,l
656,faucibus orci luctus et ultrices,elettronica,m
657,et magnis dis parturient montes nascetur ridiculus,pulizia,l
658,in tempus sit amet sem fusce consequat,elettronica,cad
659,eu sapien cursus vestibulum proin eu mi nulla,mobilia,kg
660,primis in faucibus orci luctus et ultrices posuere cubilia,mobilia,kg
661,lectus pellentesque at nulla suspendisse potenti cras,libri,kg
662,sapien iaculis congue vivamus metus arcu adipiscing molestie hendrerit at,cancelleria,kg
663,nulla tellus in sagittis dui vel,libri,kg
664,orci pede venenatis non sodales sed tincidunt,mobilia,l
665,porttitor pede justo eu massa donec dapibus duis at,mobilia,m
666,luctus et ultrices posuere cubilia curae donec,pulizia,m
667,nunc viverra dapibus nulla suscipit ligula in lacus curabitur,pulizia,cad
668,velit eu est congue elementum in hac habitasse,informatica,m
669,feugiat et eros vestibulum ac est lacinia nisi,libri,l
670,felis ut at dolor quis odio,pulizia,cad
671,magna vulputate luctus cum sociis natoque penatibus et,cancelleria,cad
672,est quam pharetra magna ac consequat metus sapien ut,cancelleria,l
673,sollicitudin mi sit amet lobortis sapien sapien non,libri,l
674,erat quisque erat eros viverra eget congue,libri,cad
675,donec semper sapien a libero nam dui proin leo odio,cancelleria,cad
676,mauris laoreet ut rhoncus aliquet pulvinar sed,libri,kg
677,in eleifend quam a odio in hac habitasse,mobilia,kg
678,sit amet diam in magna bibendum imperdiet nullam,informatica,kg
679,lacus at turpis donec posuere,pulizia,l
680,accumsan tellus nisi eu orci mauris,elettronica,cad
681,ante ipsum primis in faucibus orci luctus et ultrices,pulizia,kg
682,ut massa quis augue luctus tincidunt nulla mollis molestie lorem,libri,cad
683,erat tortor sollicitudin mi sit amet lobortis sapien sapien non,pulizia,kg
684,ac est lacinia nisi venenatis tristique fusce congue diam id,informatica,m
685,feugiat et eros vestibulum ac est,pulizia,l
686,mi in porttitor pede justo,cancelleria,cad
687,sem mauris laoreet ut rhoncus,pulizia,kg
688,odio in hac habitasse platea dictumst maecenas ut massa,mobilia,cad
689,cras non velit nec nisi vulputate nonummy maecenas,libri,cad
690,enim leo rhoncus sed vestibulum sit amet cursus,libri,kg
691,amet nulla quisque arcu libero,cancelleria,cad
692,cras in purus eu magna vulputate luctus cum,libri,cad
693,nunc nisl duis bibendum felis sed interdum venenatis turpis enim,libri,m
694,purus aliquet at feugiat non pretium,informatica,kg
695,tincidunt eu felis fusce posuere felis sed lacus morbi sem,pulizia,m
696,orci luctus et ultrices posuere,mobilia,m
697,tellus semper interdum mauris ullamcorper purus sit amet,elettronica,cad
698,in felis eu sapien cursus vestibulum proin eu mi nulla,pulizia,l
699,mattis egestas metus aenean fermentum donec,pulizia,cad
700,in blandit ultrices enim lorem ipsum dolor sit,mobilia,cad
701,scelerisque quam turpis adipiscing lorem vitae mattis,informatica,cad
702,eu magna vulputate luctus cum sociis natoque penatibus et,cancelleria,kg
703,massa id lobortis convallis tortor risus,pulizia,kg
704,leo maecenas pulvinar lobortis est phasellus sit amet erat,cancelleria,m
705,interdum mauris ullamcorper purus sit amet nulla quisque arcu libero,informatica,kg
706,commodo vulputate justo in blandit ultrices enim lorem,elettronica,cad
707,placerat praesent blandit nam nulla integer,mobilia,l
708,ut massa volutpat convallis morbi odio odio elementum eu interdum,informatica,l
709,convallis eget eleifend luctus ultricies eu,elettronica,l
710,erat fermentum justo nec condimentum,mobilia,l
711,felis fusce posuere felis sed,informatica,kg
712,vestibulum velit id pretium iaculis diam erat fermentum justo nec,pulizia,m
713,elementum eu interdum eu tincidunt in leo maecenas pulvinar lobortis,elettronica,kg
714,in congue etiam justo etiam,elettronica,cad
715,vestibulum quam sapien varius ut blandit non,mobilia,kg
716,vivamus vestibulum sagittis sapien cum sociis natoque penatibus et,mobilia,l
717,diam id ornare imperdiet sapien urna pretium nisl,cancelleria,kg
718,sapien in sapien iaculis congue vivamus metus,cancelleria,m
719,nullam sit amet turpis elementum,elettronica,l
720,mi pede malesuada in imperdiet,pulizia,l
721,pulvinar nulla pede ullamcorper augue a suscipit,elettronica,m
722,maecenas ut massa quis augue luctus tincidunt,pulizia,cad
723,lobortis vel dapibus at diam nam tristique tortor eu pede,elettronica,kg
724,aliquet maecenas leo odio condimentum id luctus nec molestie,cancelleria,cad
725,sit amet turpis elementum ligula vehicula consequat,libri,m
726,adipiscing lorem vitae mattis nibh ligula,libri,l
727,morbi non lectus aliquam sit amet,cancelleria,cad
728,massa volutpat convallis morbi odio odio elementum eu interdum eu,mobilia,kg
729,vel enim sit amet nunc viverra dapibus nulla suscipit ligula,elettronica,kg
730,nunc proin at turpis a pede posuere nonummy,libri,cad
731,interdum mauris ullamcorper purus sit amet,cancelleria,m
732,donec semper sapien a libero nam dui,pulizia,l
733,quam sapien varius ut blandit non interdum in ante,elettronica,kg
734,augue vestibulum rutrum rutrum neque aenean auctor gravida,mobilia,m
735,eleifend donec ut dolor morbi vel lectus in quam fringilla,informatica,cad
736,quam sollicitudin vitae consectetuer eget rutrum at lorem integer,informatica,cad
737,congue diam id ornare imperdiet sapien urna pretium nisl,pulizia,cad
738,vitae quam suspendisse potenti nullam porttitor lacus,informatica,kg
739,porta volutpat quam pede lobortis ligula sit,mobilia,m
740,euismod scelerisque quam turpis adipiscing lorem vitae,libri,cad
741,laoreet ut rhoncus aliquet pulvinar sed nisl nunc rhoncus,pulizia,cad
742,ultrices posuere cubilia curae nulla dapibus,mobilia,kg
743,id justo sit amet sapien dignissim,cancelleria,l
744,lectus in quam fringilla rhoncus mauris,elettronica,cad
745,congue eget semper rutrum nulla nunc purus,pulizia,kg
746,arcu adipiscing molestie hendrerit at,elettronica,m
747,a ipsum integer a nibh in quis,informatica,m
748,venenatis turpis enim blandit mi in porttitor pede justo,cancelleria,l
749,massa quis augue luctus tincidunt nulla,pulizia,m
750,erat curabitur gravida nisi at nibh in hac,cancelleria,cad
751,luctus ultricies eu nibh quisque id justo sit amet,informatica,l
752,scelerisque mauris sit amet eros suspendisse accumsan tortor,libri,kg
753,risus praesent lectus vestibulum quam sapien varius ut blandit,informatica,l
754,eget vulputate ut ultrices vel,cancelleria,l
755,eu felis fusce posuere felis sed lacus,pulizia,l
756,venenatis lacinia aenean sit amet,mobilia,kg
757,etiam pretium iaculis justo in hac habitasse platea dictumst etiam,pulizia,m
758,at turpis a pede posuere,mobilia,cad
759,lorem quisque ut erat curabitur gravida nisi at nibh,informatica,kg
760,vestibulum ante ipsum primis in faucibus orci luctus et ultrices,informatica,kg
761,dictumst etiam faucibus cursus urna ut tellus,cancelleria,kg
762,hendrerit at vulputate vitae nisl aenean lectus pellentesque,mobilia,l
763,vestibulum rutrum rutrum neque aenean,cancelleria,m
764,nibh in hac habitasse platea dictumst aliquam augue quam,informatica,cad
765,interdum in ante vestibulum ante ipsum primis in,elettronica,cad
766,lectus pellentesque eget nunc donec,cancelleria,kg
767,convallis tortor risus dapibus augue vel accumsan tellus nisi,libri,kg
768,placerat ante nulla justo aliquam,elettronica,kg
769,sapien in sapien iaculis congue vivamus metus arcu adipiscing,pulizia,m
770,posuere cubilia curae duis faucibus accumsan odio curabitur,libri,m
771,diam vitae quam suspendisse potenti nullam porttitor lacus at,informatica,kg
772,aliquam lacus morbi quis tortor id nulla,cancelleria,m
773,ut suscipit a feugiat et eros vestibulum ac est,mobilia,m
774,integer non velit donec diam neque vestibulum,mobilia,cad
775,semper porta volutpat quam pede lobortis ligula sit,pulizia,cad
776,nam congue risus semper porta volutpat quam pede,libri,l
777,lectus pellentesque eget nunc donec quis orci eget orci,cancelleria,m
778,eleifend luctus ultricies eu nibh quisque id,informatica,kg
779,dapibus dolor vel est donec,cancelleria,cad
780,eget semper rutrum nulla nunc,cancelleria,m
781,lacinia eget tincidunt eget tempus vel pede morbi porttitor,cancelleria,m
782,nibh in lectus pellentesque at nulla suspendisse,mobilia,cad
783,in faucibus orci luctus et ultrices posuere cubilia,informatica,m
784,dapibus nulla suscipit ligula in lacus curabitur,informatica,kg
785,rhoncus aliquet pulvinar sed nisl,pulizia,l
786,amet sapien dignissim vestibulum vestibulum,libri,l
787,luctus et ultrices posuere cubilia,libri,cad
788,pede malesuada in imperdiet et commodo vulputate,mobilia,l
789,ultrices posuere cubilia curae donec,mobilia,l
790,cursus urna ut tellus nulla ut,informatica,l
791,in faucibus orci luctus et,elettronica,m
792,maecenas pulvinar lobortis est phasellus sit amet erat,mobilia,cad
793,mauris enim leo rhoncus sed vestibulum sit,mobilia,m
794,et eros vestibulum ac est lacinia nisi venenatis tristique fusce,pulizia,l
795,donec vitae nisi nam ultrices libero non mattis,cancelleria,m
796,platea dictumst aliquam augue quam,mobilia,kg
797,etiam justo etiam pretium iaculis,informatica,l
798,rutrum nulla nunc purus phasellus in felis donec semper,elettronica,cad
799,dui vel sem sed sagittis nam congue risus semper,informatica,l
800,nulla ultrices aliquet maecenas leo odio condimentum id,libri,cad
801,curae mauris viverra diam vitae quam suspendisse potenti nullam,pulizia,m
802,posuere cubilia curae mauris viverra diam vitae quam suspendisse,pulizia,kg
803,adipiscing lorem vitae mattis nibh ligula nec,cancelleria,kg
804,vitae consectetuer eget rutrum at lorem integer tincidunt ante,libri,cad
805,a odio in hac habitasse platea,elettronica,m
806,pharetra magna vestibulum aliquet ultrices erat tortor,pulizia,kg
807,consequat nulla nisl nunc nisl duis,cancelleria,m
808,vestibulum sit amet cursus id turpis integer,mobilia,kg
809,sit amet consectetuer adipiscing elit proin interdum mauris non ligula,elettronica,m
810,hac habitasse platea dictumst aliquam augue,pulizia,m
811,cubilia curae donec pharetra magna vestibulum aliquet ultrices erat tortor,cancelleria,cad
812,gravida nisi at nibh in hac habitasse platea dictumst,cancelleria,cad
813,erat volutpat in congue etiam justo etiam pretium,elettronica,l
814,non mauris morbi non lectus aliquam sit amet diam in,cancelleria,l
815,semper sapien a libero nam dui proin leo odio,pulizia,l
816,dictumst morbi vestibulum velit id,mobilia,kg
817,arcu libero rutrum ac lobortis vel dapibus at diam nam,pulizia,l
818,lobortis ligula sit amet eleifend pede libero quis,cancelleria,l
819,integer tincidunt ante vel ipsum praesent blandit lacinia erat vestibulum,cancelleria,l
820,ultrices vel augue vestibulum ante ipsum,pulizia,cad
821,neque libero convallis eget eleifend luctus ultricies eu nibh quisque,informatica,l
822,in blandit ultrices enim lorem ipsum dolor sit,mobilia,l
823,ut rhoncus aliquet pulvinar sed nisl,cancelleria,m
824,semper sapien a libero nam dui proin leo odio,elettronica,cad
825,tellus in sagittis dui vel nisl duis,mobilia,kg
826,ut erat curabitur gravida nisi at nibh in hac habitasse,pulizia,cad
827,montes nascetur ridiculus mus vivamus vestibulum sagittis sapien cum,libri,m
828,rhoncus aliquam lacus morbi quis tortor,cancelleria,l
829,in hac habitasse platea dictumst morbi,pulizia,l
830,ipsum primis in faucibus orci,cancelleria,cad
831,augue aliquam erat volutpat in congue etiam justo etiam pretium,libri,m
832,id lobortis convallis tortor risus dapibus augue vel accumsan,pulizia,l
833,lectus suspendisse potenti in eleifend quam a odio in hac,informatica,kg
834,non lectus aliquam sit amet diam in magna,libri,kg
835,ultrices posuere cubilia curae donec pharetra magna vestibulum aliquet ultrices,cancelleria,kg
836,id lobortis convallis tortor risus,elettronica,l
837,iaculis diam erat fermentum justo nec,elettronica,l
838,augue quam sollicitudin vitae consectetuer eget,informatica,l
839,urna pretium nisl ut volutpat,cancelleria,l
840,nunc donec quis orci eget orci vehicula condimentum curabitur,libri,l
841,vestibulum ante ipsum primis in faucibus orci luctus et,elettronica,kg
842,rutrum ac lobortis vel dapibus at,mobilia,cad
843,morbi non quam nec dui,libri,kg
844,hac habitasse platea dictumst aliquam augue quam,pulizia,cad
845,leo odio condimentum id luctus nec molestie sed,pulizia,kg
846,curae mauris viverra diam vitae quam suspendisse potenti nullam,mobilia,cad
847,iaculis diam erat fermentum justo nec condimentum,mobilia,m
848,nec euismod scelerisque quam turpis adipiscing,cancelleria,l
849,quam a odio in hac habitasse,mobilia,m
850,nisi nam ultrices libero non mattis pulvinar nulla,mobilia,m
851,rhoncus aliquet pulvinar sed nisl nunc rhoncus dui,libri,kg
852,donec posuere metus vitae ipsum aliquam non,informatica,m
853,mus vivamus vestibulum sagittis sapien,libri,kg
854,nisl nunc rhoncus dui vel,informatica,m
855,rutrum ac lobortis vel dapibus at diam nam tristique tortor,mobilia,m
856,magna vestibulum aliquet ultrices erat tortor sollicitudin mi sit,pulizia,m
857,leo rhoncus sed vestibulum sit,elettronica,kg
858,ultrices aliquet maecenas leo odio condimentum id luctus nec molestie,cancelleria,kg
859,ut nulla sed accumsan felis ut at dolor quis,mobilia,m
860,eget orci vehicula condimentum curabitur in libero ut massa,elettronica,m
861,sapien cum sociis natoque penatibus et,informatica,m
862,amet diam in magna bibendum imperdiet nullam orci pede,informatica,kg
863,vel sem sed sagittis nam congue risus semper,informatica,kg
864,donec quis orci eget orci vehicula condimentum curabitur,libri,cad
865,vitae nisl aenean lectus pellentesque eget nunc donec,mobilia,kg
866,turpis eget elit sodales scelerisque mauris sit amet eros suspendisse,cancelleria,m
867,enim blandit mi in porttitor pede,pulizia,kg
868,neque vestibulum eget vulputate ut ultrices,pulizia,kg
869,mauris ullamcorper purus sit amet nulla,cancelleria,kg
870,ut ultrices vel augue vestibulum ante,libri,m
871,at nunc commodo placerat praesent blandit nam,mobilia,cad
872,etiam pretium iaculis justo in hac habitasse,cancelleria,l
873,vitae ipsum aliquam non mauris morbi non lectus aliquam,mobilia,kg
874,etiam vel augue vestibulum rutrum rutrum neque,cancelleria,kg
875,hac habitasse platea dictumst aliquam augue quam sollicitudin vitae consectetuer,libri,cad
876,ac nibh fusce lacus purus aliquet at feugiat non pretium,cancelleria,m
877,volutpat quam pede lobortis ligula sit,pulizia,kg
878,magna bibendum imperdiet nullam orci pede venenatis non sodales,informatica,m
879,morbi a ipsum integer a nibh in quis justo maecenas,pulizia,l
880,integer aliquet massa id lobortis convallis tortor risus dapibus,informatica,kg
881,ac lobortis vel dapibus at diam,mobilia,cad
882,bibendum imperdiet nullam orci pede venenatis non sodales,pulizia,kg
883,vitae ipsum aliquam non mauris,informatica,kg
884,posuere cubilia curae nulla dapibus dolor vel est,mobilia,l
885,id turpis integer aliquet massa id lobortis,informatica,cad
886,justo eu massa donec dapibus duis at velit,mobilia,l
887,suscipit ligula in lacus curabitur at,pulizia,m
888,luctus nec molestie sed justo pellentesque viverra,informatica,m
889,feugiat non pretium quis lectus suspendisse potenti,elettronica,cad
890,donec diam neque vestibulum eget vulputate ut,informatica,kg
891,platea dictumst morbi vestibulum velit id pretium,elettronica,kg
892,iaculis diam erat fermentum justo nec condimentum,elettronica,cad
893,tempus vivamus in felis eu sapien cursus vestibulum proin eu,mobilia,cad
894,interdum eu tincidunt in leo,mobilia,l
895,non mattis pulvinar nulla pede ullamcorper,libri,l
896,eu magna vulputate luctus cum sociis natoque,libri,kg
897,nulla elit ac nulla sed,pulizia,l
898,leo maecenas pulvinar lobortis est phasellus,libri,l
899,dignissim vestibulum vestibulum ante ipsum primis in faucibus,cancelleria,l
900,mi sit amet lobortis sapien,libri,cad
901,donec pharetra magna vestibulum aliquet ultrices erat tortor,pulizia,l
902,potenti nullam porttitor lacus at turpis,mobilia,l
903,sit amet nunc viverra dapibus,mobilia,kg
904,nulla quisque arcu libero rutrum,informatica,kg
905,ultrices posuere cubilia curae duis faucibus accumsan odio curabitur convallis,informatica,m
906,lacinia aenean sit amet justo morbi ut odio cras,cancelleria,cad
907,natoque penatibus et magnis dis parturient montes nascetur,informatica,l
908,phasellus sit amet erat nulla tempus vivamus in felis eu,elettronica,m
909,diam vitae quam suspendisse potenti nullam porttitor,informatica,cad
910,vel dapibus at diam nam tristique tortor,mobilia,m
911,luctus et ultrices posuere cubilia curae nulla dapibus dolor vel,pulizia,kg
912,cubilia curae mauris viverra diam vitae quam suspendisse potenti nullam,informatica,kg
913,ac nibh fusce lacus purus aliquet,cancelleria,m
914,odio consequat varius integer ac leo pellentesque ultrices mattis,cancelleria,l
915,mus vivamus vestibulum sagittis sapien cum sociis natoque penatibus et,cancelleria,m
916,arcu sed augue aliquam erat,libri,l
917,id ligula suspendisse ornare consequat lectus in,informatica,kg
918,tempus vivamus in felis eu sapien cursus,libri,l
919,sollicitudin mi sit amet lobortis sapien sapien non,libri,m
920,integer ac leo pellentesque ultrices mattis odio donec vitae,libri,kg
921,sapien cum sociis natoque penatibus,mobilia,kg
922,cras non velit nec nisi vulputate nonummy maecenas tincidunt lacus,cancelleria,m
923,cras in purus eu magna vulputate luctus cum sociis,elettronica,m
924,eleifend luctus ultricies eu nibh quisque id justo,cancelleria,l
925,nisl aenean lectus pellentesque eget,informatica,kg
926,justo maecenas rhoncus aliquam lacus morbi quis tortor id,informatica,l
927,hac habitasse platea dictumst etiam faucibus cursus urna ut tellus,libri,l
928,lacinia erat vestibulum sed magna at nunc,cancelleria,cad
929,felis sed lacus morbi sem mauris,cancelleria,cad
930,eget rutrum at lorem integer tincidunt ante vel,libri,m
931,diam vitae quam suspendisse potenti nullam porttitor lacus,pulizia,kg
932,duis bibendum felis sed interdum venenatis turpis enim blandit mi,informatica,l
933,maecenas pulvinar lobortis est phasellus sit amet erat,pulizia,kg
934,justo eu massa donec dapibus duis at velit,informatica,l
935,ipsum aliquam non mauris morbi non,informatica,cad
936,volutpat erat quisque erat eros viverra eget congue,pulizia,m
937,accumsan felis ut at dolor quis odio consequat varius integer,mobilia,m
938,non mattis pulvinar nulla pede ullamcorper augue a suscipit,cancelleria,cad
939,rhoncus aliquet pulvinar sed nisl nunc rhoncus dui vel,pulizia,l
940,condimentum neque sapien placerat ante,libri,m
941,felis sed interdum venenatis turpis enim blandit mi in porttitor,mobilia,cad
942,platea dictumst maecenas ut massa quis augue,elettronica,kg
943,erat tortor sollicitudin mi sit amet lobortis sapien sapien non,libri,kg
944,lacus at turpis donec posuere metus vitae ipsum aliquam,mobilia,cad
945,sapien a libero nam dui proin leo odio,pulizia,m
946,leo pellentesque ultrices mattis odio donec vitae nisi nam,pulizia,l
947,lorem quisque ut erat curabitur gravida nisi at nibh,mobilia,l
948,hac habitasse platea dictumst maecenas ut massa quis augue luctus,pulizia,l
949,in hac habitasse platea dictumst etiam faucibus cursus,mobilia,cad
950,nisi at nibh in hac habitasse platea,cancelleria,cad
951,quisque arcu libero rutrum ac lobortis vel,cancelleria,cad
952,nisi nam ultrices libero non mattis pulvinar nulla pede ullamcorper,libri,kg
953,metus arcu adipiscing molestie hendrerit at vulputate,informatica,l
954,phasellus in felis donec semper sapien a libero nam dui,cancelleria,m
955,ipsum integer a nibh in quis,elettronica,kg
956,mauris laoreet ut rhoncus aliquet pulvinar sed nisl nunc rhoncus,pulizia,m
957,sed ante vivamus tortor duis mattis,informatica,m
958,mauris sit amet eros suspendisse accumsan tortor quis turpis sed,pulizia,cad
959,sit amet consectetuer adipiscing elit proin,pulizia,l
960,dolor vel est donec odio justo,informatica,l
961,consequat varius integer ac leo pellentesque ultrices,elettronica,cad
962,proin interdum mauris non ligula pellentesque,cancelleria,cad
963,turpis sed ante vivamus tortor duis mattis egestas,informatica,l
964,placerat ante nulla justo aliquam quis turpis eget,cancelleria,m
965,fusce congue diam id ornare imperdiet,pulizia,l
966,cubilia curae nulla dapibus dolor,cancelleria,l
967,maecenas rhoncus aliquam lacus morbi quis,pulizia,l
968,maecenas rhoncus aliquam lacus morbi,mobilia,l
969,pede justo eu massa donec dapibus duis at,libri,kg
970,ut nunc vestibulum ante ipsum primis in faucibus orci,elettronica,cad
971,mollis molestie lorem quisque ut erat curabitur,libri,cad
972,nunc purus phasellus in felis donec semper sapien a libero,mobilia,kg
973,odio justo sollicitudin ut suscipit a feugiat et eros vestibulum,informatica,m
974,justo sollicitudin ut suscipit a feugiat et eros,informatica,kg
975,sapien sapien non mi integer ac neque duis bibendum,cancelleria,l
976,in consequat ut nulla sed,pulizia,cad
977,morbi ut odio cras mi pede malesuada,elettronica,m
978,sapien dignissim vestibulum vestibulum ante ipsum,elettronica,m
979,erat curabitur gravida nisi at nibh,libri,kg
980,ut blandit non interdum in ante vestibulum,libri,kg
981,velit id pretium iaculis diam erat fermentum justo nec condimentum,mobilia,m
982,id massa id nisl venenatis lacinia,pulizia,cad
983,lectus aliquam sit amet diam in magna bibendum imperdiet nullam,mobilia,kg
984,sed augue aliquam erat volutpat in congue,libri,cad
985,non interdum in ante vestibulum,cancelleria,cad
986,rhoncus sed vestibulum sit amet cursus id turpis integer,pulizia,m
987,nonummy maecenas tincidunt lacus at,pulizia,l
988,sed accumsan felis ut at dolor quis,elettronica,m
989,sagittis dui vel nisl duis,pulizia,l
990,proin at turpis a pede posuere nonummy,libri,l
991,sociis natoque penatibus et magnis dis,cancelleria,kg
992,sit amet turpis elementum ligula,pulizia,kg
993,a ipsum integer a nibh in quis justo maecenas,cancelleria,l
994,enim lorem ipsum dolor sit amet consectetuer adipiscing,informatica,kg
995,justo maecenas rhoncus aliquam lacus morbi quis,informatica,kg
996,neque vestibulum eget vulputate ut ultrices vel augue vestibulum,elettronica,kg
997,sit amet consectetuer adipiscing elit,mobilia,m
998,odio curabitur convallis duis consequat dui nec nisi,elettronica,kg
999,proin leo odio porttitor id,mobilia,m
1000,vel dapibus at diam nam tristique tortor eu,informatica,l